{		
		"liveUpdate": true,
		"tankCarouselFields": {
		    "avgDamage": {
		        "x": 115,
		        "y": 18,
		        "width": 45,
		        "height": 24,
		        "text": "<p align='right'><font face='$FieldFont' size='12' color='#{c_wn8effd}'>{avgDamage}</font></p><img src='img://gui/maps/icons/tankmen/skills/big/gunner_sniper.png' width='18' height='18' align='baseline' vspace='-14'>"
		    },
		    "damageRating": {
		        "x": 104,
		        "y": 34,
		        "width": 54,
		        "height": 24,
		        "text": "<p align='right'><font face='$FieldFont' size='12' color='#{c_damageRating}'>{damageRating}%</font></p><img src='img://gui/maps/icons/library/complete.png' width='20' height='20' align='baseline' vspace='-7'>"
		    },
		    "winrate": {
		        "x": 1.5,
		        "y": 37,
		        "width": 54,
		        "height": 18,
		        "text": "<img src='img://gui/carousel/wins.png' width='15' height='15' align='baseline' vspace='-4'><font face='$FieldFont' size='12' color='#{c_winrate}'>{winrate}</font>"
		    },
		    "gunMarksDamage": {
		        "x": 106,
		        "y": 53,
		        "width": 54,
		        "height": 18,
		        "text": "<p align='right'><font face='$FieldFont' size='12' color='#{c_markOnGun}'>{markOnGunDmg}</font></p> <img src='img://gui/maps/icons/buttons/smallAttackIcon.png' width='15' height='15' align='baseline' vspace='-4'>"
		    },
            "battlesCount": {
                "x": 1.5,
                "y": 19,
		        "width": 54,
		        "height": 18,
                "text": "<img src='{markOfMastery}' width='15' height='15' align='top' vspace='-12'><font face='$FieldFont' size='12' color='#{c_battlesCount}'>{battlesCount}</font>"
            }
		},
		"colorRating": {
		      "very_bad":     "FE0E00",
		      "bad":          "FE7903",
		      "normal":       "F8F400",
		      "good":         "60FF00",
		      "very_good":    "02C9B3",
		      "unique":       "D042F3"
		    },
		"colors":  {
		    "battlesCount": [
		      { "value": 100, "color": "color:very_bad" },
		      { "value": 250, "color": "color:bad" },
		      { "value": 500, "color": "color:normal" },
		      { "value": 1000, "color": "color:good" },
		      { "value": 1800, "color": "color:very_good" },
		      { "value": 99999,"color": "color:unique" }
		    ],
		    "wn8effd": [
		      { "value": 0.6, "color": "color:very_bad" },
		      { "value": 0.8, "color": "color:bad" },
		      { "value": 1.0, "color": "color:normal" },
		      { "value": 1.3, "color": "color:good" },
		      { "value": 2.0, "color": "color:very_good" },
		      { "value": 15.0,"color": "color:unique" }
		    ],
		    "damageRating": [
		     { "value": 0,   "color": "color:normal"},
		     { "value": 1,   "color": "color:good"},
		     { "value": 2,   "color": "color:very_good" },
		     { "value": 3,   "color": "color:unique" }
		    ],
		    "winrate": [
		      { "value": 46.5, "color": "color:very_bad" },
		      { "value": 48.5, "color": "color:bad" },
		      { "value": 52.5, "color": "color:normal" },
		      { "value": 57.5, "color": "color:good" },
		      { "value": 64.5, "color": "color:very_good" },
		      { "value": 101,  "color": "color:unique" }
		    ]
		},
 
        "extras": {
            "hangarClock": {
                  "enabled": true,
                  "x":     -10,
                  "y":      43,
                  "width":  200,
                  "height": 50,
                  "format": "<font face='$FieldFont' color='#959688'><textformat leading='-38'><font size='36'>%H:%M</font><br/></textformat><textformat rightMargin='85' leading='-2'>%A<br/><font size='15'>%d %b %Y</font></textformat></font>"
            }
         }
}