{
	"enable"         : true,          // включить/отключить мод
	"staticMode"     : false,         // true - масштаб маркеров не будет изменяться в зависимости от зума
	"enableRotation" : true,          // использовать вращение маркеров в арт-прицеле

	// Классы техники на которых будут видны маркеры
	// lightTank - легкие танки, mediumTank - средние танки, heavyTank - тяжелые танки, AT-SPG - ПТ-САУ, SPG - артиллерия
	"classFilters" : ["lightTank", "mediumTank", "heavyTank", "AT-SPG", "SPG"],

	// Режимы для отображения маркеров
	// arcade, sniper, strategic, arty
	"modesFilters" : ["arcade", "sniper", "strategic", "arty"],

	"style" : {
		"alpha" : 90,  // прозрачность маркеров
		"offset" : {
			"x" : 0,   // смещение базового расположения маркеров по горизонтали
			"y" : -45  // смещение базового расположения маркеров по вертикали
		}
	},

	"colors" : {
		"colorNormal"   : "#98F000",  // цвет для обычных маркеров
		"colorCritical" : "#FF0000"   // цвет для критических маркеров
	},

	"centerMarker" : {
		"enable": ["arcade", "sniper", "strategic"], // режимы в которых виден центральный маркер (описания режимов см. выше)
		"offset" : 12 // корректировка расположения по высоте
	},

	"shadow" : {
		"enable": true,       // отображать обводку (тень) по краям
		"color" : "#000000",  // цвет тени
		"alpha" : 90,         // прозрачность тени (0-100)
		"strength" : 3,       // интенсивность тени
		"blurX" : 4,          // размытие по горизонтали
		"blurY" : 4           // размытие по вертикали
	}
}